{
  "eslint.config.mjs": 1777025277.795733,
  "next-env.d.ts": 1776930491.7257407,
  "next.config.ts": 1776863186.977507,
  "postcss.config.mjs": 1776520789.3372765,
  "vitest.config.ts": 1777436484.7913895,
  "convex\\auth.config.ts": 1776522868.7346041,
  "convex\\effect.ts": 1777025579.6958282,
  "convex\\errors.ts": 1776677443.2940986,
  "convex\\http.ts": 1776585486.1877606,
  "convex\\publicPrompts.ts": 1776940019.9624527,
  "convex\\schema.ts": 1777523739.2708106,
  "convex\\users.ts": 1776940015.6060593,
  "convex\\validators.ts": 1777523923.291289,
  "convex\\authed\\helpers.ts": 1777522895.0873332,
  "convex\\authed\\promptHelpers.ts": 1777525594.8958156,
  "convex\\authed\\prompts.ts": 1777525192.008913,
  "convex\\private\\helpers.ts": 1776677476.1241405,
  "convex\\_generated\\api.d.ts": 1777524531.7224684,
  "convex\\_generated\\api.js": 1777031378.863468,
  "convex\\_generated\\dataModel.d.ts": 1777031378.863468,
  "convex\\_generated\\server.d.ts": 1777031378.863468,
  "convex\\_generated\\server.js": 1777031378.8644686,
  "e2e\\auth.spec.ts": 1776585486.3760598,
  "src\\proxy.ts": 1776932263.006759,
  "src\\app\\icon.tsx": 1777473131.7838073,
  "src\\app\\layout.tsx": 1777533421.7550085,
  "src\\app\\opengraph-image.tsx": 1777473188.6334887,
  "src\\app\\page.tsx": 1776695387.7290518,
  "src\\app\\robots.ts": 1776695387.7485826,
  "src\\app\\sitemap.ts": 1776695387.8536077,
  "src\\app\\(protected)\\prompts\\page.tsx": 1776747157.6209612,
  "src\\app\\(protected)\\prompts\\create\\page.tsx": 1777471469.1227276,
  "src\\app\\(protected)\\prompts\\[id]\\edit\\page.tsx": 1777471740.1263123,
  "src\\app\\(protected)\\prompts\\[id]\\use\\layout.tsx": 1777432869.059103,
  "src\\app\\(protected)\\prompts\\[id]\\use\\page.tsx": 1777525599.2146494,
  "src\\app\\(protected)\\use\\page.tsx": 1777432869.4965887,
  "src\\app\\p\\[slug]\\page.tsx": 1776931998.716083,
  "src\\app\\sign-in\\[[...sign-in]]\\page.tsx": 1776747157.6229029,
  "src\\app\\sign-up\\[[...sign-up]]\\page.tsx": 1776747157.624416,
  "src\\components\\ConvexClientProvider.tsx": 1776585490.4725308,
  "src\\components\\HomeClient.tsx": 1777298901.3435345,
  "src\\components\\Logo.tsx": 1776696308.5512788,
  "src\\components\\ThemeProvider.tsx": 1776679641.7199328,
  "src\\components\\ThemeToggle.tsx": 1776679641.7993953,
  "src\\components\\layout\\AppLayout.tsx": 1777472627.4727545,
  "src\\components\\layout\\AppSidebar.tsx": 1777472541.9307182,
  "src\\components\\layout\\MobileBottomNav.tsx": 1776747157.6273441,
  "src\\components\\prompts\\PromptCard.tsx": 1777432870.121569,
  "src\\components\\prompts\\PromptEditor.tsx": 1777520350.201975,
  "src\\components\\prompts\\PromptForm.tsx": 1777525601.8631995,
  "src\\components\\prompts\\PromptPreview.tsx": 1777518546.1530404,
  "src\\components\\prompts\\PublicPromptClient.tsx": 1777525602.0133157,
  "src\\components\\prompts\\SortableVariableItem.tsx": 1777445770.6699054,
  "src\\components\\prompts\\VariableConfigModal.tsx": 1777525602.5580854,
  "src\\components\\prompts\\VariableInput.tsx": 1777525602.7343109,
  "src\\components\\prompts\\VariableList.tsx": 1776935218.6563823,
  "src\\components\\prompts\\form\\SettingsSection.tsx": 1777525601.234196,
  "src\\components\\prompts\\form\\TagsSection.tsx": 1777525601.2985783,
  "src\\components\\prompts\\use\\PromptUseLayout.tsx": 1777436482.1820965,
  "src\\components\\prompts\\use\\PromptUseMobileSwitcher.tsx": 1777432870.3715644,
  "src\\components\\prompts\\use\\PromptUseSidebar.tsx": 1777432870.43406,
  "src\\components\\ui\\alert-dialog.tsx": 1777534067.1962821,
  "src\\components\\ui\\alert.tsx": 1777533800.8767426,
  "src\\components\\ui\\avatar.tsx": 1777533423.7449427,
  "src\\components\\ui\\badge.tsx": 1777533809.5271542,
  "src\\components\\ui\\breadcrumb.tsx": 1777533813.9880607,
  "src\\components\\ui\\button.tsx": 1777534067.1962821,
  "src\\components\\ui\\card.tsx": 1777533827.8250754,
  "src\\components\\ui\\checkbox.tsx": 1777534067.1962821,
  "src\\components\\ui\\dialog.tsx": 1777534067.1962821,
  "src\\components\\ui\\dropdown-menu.tsx": 1777534067.1962821,
  "src\\components\\ui\\input.tsx": 1777534067.1962821,
  "src\\components\\ui\\label.tsx": 1777533425.2486217,
  "src\\components\\ui\\scroll-area.tsx": 1777533425.548609,
  "src\\components\\ui\\select.tsx": 1777534067.1962821,
  "src\\components\\ui\\separator.tsx": 1777533425.5803723,
  "src\\components\\ui\\sheet.tsx": 1777534067.1962821,
  "src\\components\\ui\\sidebar.tsx": 1777534067.1962821,
  "src\\components\\ui\\skeleton.tsx": 1777534067.1962821,
  "src\\components\\ui\\sonner.tsx": 1777534067.1962821,
  "src\\components\\ui\\switch.tsx": 1777534067.1962821,
  "src\\components\\ui\\tabs.tsx": 1777534067.1962821,
  "src\\components\\ui\\textarea.tsx": 1777534067.1962821,
  "src\\components\\ui\\tooltip.tsx": 1777534067.1962821,
  "src\\hooks\\use-mobile.ts": 1777533426.0315948,
  "src\\lib\\clerk-appearance.ts": 1777519525.7422562,
  "src\\lib\\error-handler.ts": 1776677452.6581006,
  "src\\lib\\navigation.ts": 1777432871.480901,
  "src\\lib\\utils.ts": 1777533426.17301,
  "src\\lib\\variables.ts": 1777472823.505571,
  "src\\lib\\__tests__\\variables.test.ts": 1777445771.96168,
  "copywriting.txt": 1777114125.3895857,
  "DESIGN_GUIDELINES.md": 1776747314.209422,
  "GEMINI.md": 1777535451.1482575,
  "README.md": 1777436479.3692791,
  "convex\\_generated\\ai\\guidelines.md": 1776520458.0758855,
  "docs\\AUTHENTICATION.md": 1776585486.344814,
  "docs\\TRAINING.md": 1776585486.344814,
  "public\\llms.txt": 1776695220.318426,
  "public\\file.svg": 1774258808.3414059,
  "public\\globe.svg": 1774258808.3414059
}
